run_id,episode_id,step_index,treatment_name,n_traders_total,price_path,max_price,offered_price,cap_type,price_index,position_uncertainty,trader_id,action,rationale,confidence,belief_resell,rationale_short,reward,done,terminal_reason,model_id,prompt_template_id,prompt_template_hash,retry_count,fallback_used,parse_success
20260310T184226Z_baseline_paper_faithful/K10000_capped,K10000_capped_ep000,0,K10000_capped,5,"[1, 10, 100, 1000, 10000]",10000.0,1,capped,0,True,Trader_0,no_buy,"The price sequence shows decreasing values, indicating a potential cap reached. With an intrinsic value of 0 and capped treatment, buying is too risky.",0.95,0.1,"The price sequence shows decreasing values, indicating a potential cap reached. With an intrinsic value of 0 and capped treatment, buying is too risky.",0.0,True,decline,asst_Ba9iZiOw1gcshqFQJoYwfOYz,agent_sdk,agent_sdk,0,False,True
20260310T184226Z_baseline_paper_faithful/K100_capped,K100_capped_ep000,0,K100_capped,3,"[1, 10, 100]",100.0,1,capped,0,True,Trader_0,buy,Low price of 1 likely indicates early position in sequence with opportunities to resell at a higher price.,0.8,0.85,Low price of 1 likely indicates early position in sequence with opportunities to resell at a higher price.,0.0,False,,asst_ta5nI2J9CocbgsnaDQVNRr4H,agent_sdk,agent_sdk,0,False,True
20260310T184226Z_baseline_paper_faithful/K100_capped,K100_capped_ep000,1,K100_capped,3,"[1, 10, 100]",100.0,10,capped,1,True,Trader_1,buy,Price is low despite cap; high resell belief due to initial drop from 100.,0.7,0.8,Price is low despite cap; high resell belief due to initial drop from 100.,0.0,False,,asst_SkUFANKwmtCaTma5ZDuZK1aT,agent_sdk,agent_sdk,0,False,True
20260310T184226Z_baseline_paper_faithful/K100_capped,K100_capped_ep000,2,K100_capped,3,"[1, 10, 100]",100.0,100,capped,2,True,Trader_2,buy,"The previous price sequence shows a significant increase, suggesting a potential for resale at the maximum price cap.",0.7,0.8,"The previous price sequence shows a significant increase, suggesting a potential for resale at the maximum price cap.",-100.0,True,terminal_holder,asst_pzIK4YMl1NXJVa6rj9n8g1aT,agent_sdk,agent_sdk,0,False,True
20260310T184226Z_baseline_paper_faithful/K100_capped,K100_capped_ep001,0,K100_capped,3,"[1, 10, 100]",100.0,1,capped,0,True,Trader_0,buy,Price of 1 suggests potential for resell at higher prices despite intrinsic value being 0. Opportunity exists if early in sequence.,0.7,0.8,Price of 1 suggests potential for resell at higher prices despite intrinsic value being 0. Opportunity exists if early in sequence.,0.0,False,,asst_ta5nI2J9CocbgsnaDQVNRr4H,agent_sdk,agent_sdk,0,False,True
20260310T184226Z_baseline_paper_faithful/K100_capped,K100_capped_ep001,1,K100_capped,3,"[1, 10, 100]",100.0,10,capped,1,True,Trader_1,no_buy,The intrinsic value is zero and sequence suggests a buying trend correction could occur.,0.9,0.5,The intrinsic value is zero and sequence suggests a buying trend correction could occur.,0.0,True,decline,asst_SkUFANKwmtCaTma5ZDuZK1aT,agent_sdk,agent_sdk,0,False,True
20260310T184226Z_baseline_paper_faithful/K100_capped,K100_capped_ep002,0,K100_capped,3,"[1, 10, 100]",100.0,1,capped,0,True,Trader_0,buy,Very low price still makes it worthwhile to buy considering potential resale at higher prices.,0.6,0.7,Very low price still makes it worthwhile to buy considering potential resale at higher prices.,0.0,False,,asst_ta5nI2J9CocbgsnaDQVNRr4H,agent_sdk,agent_sdk,0,False,True
20260310T184226Z_baseline_paper_faithful/K100_capped,K100_capped_ep002,1,K100_capped,3,"[1, 10, 100]",100.0,10,capped,1,True,Trader_1,buy,Offered price is low relative to cap; good chance of resell since initial price was highest and recent offer is significantly lower.,0.8,0.9,Offered price is low relative to cap; good chance of resell since initial price was highest and recent offer is significantly lower.,0.0,False,,asst_SkUFANKwmtCaTma5ZDuZK1aT,agent_sdk,agent_sdk,0,False,True
20260310T184226Z_baseline_paper_faithful/K100_capped,K100_capped_ep002,2,K100_capped,3,"[1, 10, 100]",100.0,100,capped,2,True,Trader_2,no_buy,"The asset's intrinsic value is 0, and the price has reached the maximum cap. There's little potential for profit from resale.",0.8,0.3,"The asset's intrinsic value is 0, and the price has reached the maximum cap. There's little potential for profit from resale.",0.0,True,decline,asst_pzIK4YMl1NXJVa6rj9n8g1aT,agent_sdk,agent_sdk,0,False,True
20260310T184226Z_baseline_paper_faithful/K100_capped,K100_capped_ep003,0,K100_capped,3,"[1, 10, 100]",100.0,1,capped,0,True,Trader_0,no_buy,Price sequence suggests I might be late in the sequence after high prices have been reached. Risk of downward trend.,0.5,0.5,Price sequence suggests I might be late in the sequence after high prices have been reached. Risk of downward trend.,0.0,True,decline,asst_ta5nI2J9CocbgsnaDQVNRr4H,agent_sdk,agent_sdk,0,False,True
20260310T184226Z_baseline_paper_faithful/K1_capped,K1_capped_ep000,0,K1_capped,2,"[1, 10]",10.0,1,capped,0,True,Trader_0,buy,"Buying at the lowest price with potential for resell, given early position uncertainty.",0.7,0.5,"Buying at the lowest price with potential for resell, given early position uncertainty.",0.0,False,,asst_h827qMHGj0H3uSBOiyAa0Bvb,agent_sdk,agent_sdk,0,False,True
20260310T184226Z_baseline_paper_faithful/K1_capped,K1_capped_ep000,1,K1_capped,2,"[1, 10]",10.0,10,capped,1,True,Trader_1,no_buy,"The price is at its cap with no intrinsic value, risking losses as reselling probability is low.",0.9,0.1,"The price is at its cap with no intrinsic value, risking losses as reselling probability is low.",0.0,True,decline,asst_DaxZLotNJ90OHKK558pyuRpE,agent_sdk,agent_sdk,0,False,True
20260310T184226Z_baseline_paper_faithful/K1_capped,K1_capped_ep001,0,K1_capped,2,"[1, 10]",10.0,1,capped,0,True,Trader_0,buy,"Buying at the lowest price with potential for resell, given early position uncertainty.",0.7,0.5,"Buying at the lowest price with potential for resell, given early position uncertainty.",0.0,False,,asst_h827qMHGj0H3uSBOiyAa0Bvb,agent_sdk,agent_sdk,0,False,True
20260310T184226Z_baseline_paper_faithful/K1_capped,K1_capped_ep001,1,K1_capped,2,"[1, 10]",10.0,10,capped,1,True,Trader_1,no_buy,"Price is capped and asset lacks intrinsic value, reducing resale chances.",0.9,0.1,"Price is capped and asset lacks intrinsic value, reducing resale chances.",0.0,True,decline,asst_DaxZLotNJ90OHKK558pyuRpE,agent_sdk,agent_sdk,0,False,True
20260310T184226Z_baseline_paper_faithful/K1_capped,K1_capped_ep002,0,K1_capped,2,"[1, 10]",10.0,1,capped,0,True,Trader_0,buy,"Buying at the lowest price with potential for resell, given early position uncertainty.",0.7,0.5,"Buying at the lowest price with potential for resell, given early position uncertainty.",0.0,False,,asst_h827qMHGj0H3uSBOiyAa0Bvb,agent_sdk,agent_sdk,0,False,True
20260310T184226Z_baseline_paper_faithful/K1_capped,K1_capped_ep002,1,K1_capped,2,"[1, 10]",10.0,10,capped,1,True,Trader_1,no_buy,"With the price at its cap and no intrinsic value, it's risky to assume resell is possible.",0.9,0.1,"With the price at its cap and no intrinsic value, it's risky to assume resell is possible.",0.0,True,decline,asst_DaxZLotNJ90OHKK558pyuRpE,agent_sdk,agent_sdk,0,False,True
20260310T184226Z_baseline_paper_faithful/K1_capped,K1_capped_ep003,0,K1_capped,2,"[1, 10]",10.0,1,capped,0,True,Trader_0,buy,"Buying at the lowest price with potential for resell, given early position uncertainty.",0.7,0.5,"Buying at the lowest price with potential for resell, given early position uncertainty.",0.0,False,,asst_h827qMHGj0H3uSBOiyAa0Bvb,agent_sdk,agent_sdk,0,False,True
20260310T184226Z_baseline_paper_faithful/K1_capped,K1_capped_ep003,1,K1_capped,2,"[1, 10]",10.0,10,capped,1,True,Trader_1,no_buy,"The asset is at its capped price and lacks intrinsic value, discouraging purchase.",0.9,0.1,"The asset is at its capped price and lacks intrinsic value, discouraging purchase.",0.0,True,decline,asst_DaxZLotNJ90OHKK558pyuRpE,agent_sdk,agent_sdk,0,False,True
20260310T184226Z_baseline_paper_faithful/K1_capped,K1_capped_ep004,0,K1_capped,2,"[1, 10]",10.0,1,capped,0,True,Trader_0,buy,"Buying at the lowest price with potential for resell, given early position uncertainty.",0.7,0.5,"Buying at the lowest price with potential for resell, given early position uncertainty.",0.0,False,,asst_h827qMHGj0H3uSBOiyAa0Bvb,agent_sdk,agent_sdk,0,False,True
20260310T184226Z_baseline_paper_faithful/K1_capped,K1_capped_ep004,1,K1_capped,2,"[1, 10]",10.0,10,capped,1,True,Trader_1,no_buy,Price cap reached and no intrinsic value discourage purchase.,0.9,0.1,Price cap reached and no intrinsic value discourage purchase.,0.0,True,decline,asst_DaxZLotNJ90OHKK558pyuRpE,agent_sdk,agent_sdk,0,False,True
20260310T184226Z_baseline_paper_faithful/Kinf_uncapped,Kinf_uncapped_ep000,0,Kinf_uncapped,6,"[1, 10, 100, 1000, 10000, 100000]",,1,uncapped,0,True,Trader_0,no_buy,"The price has been increasing exponentially, suggesting a potential bubble. The intrinsic value is 0, and position uncertainty implies risk, so it's safer to opt out.",0.95,0.1,"The price has been increasing exponentially, suggesting a potential bubble. The intrinsic value is 0, and position uncertainty implies risk, so it's safer to opt out.",0.0,True,decline,asst_Mcr2pUZgZss326m8m8FCbAMY,agent_sdk,agent_sdk,0,False,True
